strategy,roc_auc_best,logloss_best,roc_auc_this,logloss_this,roc_auc_diff,logloss_diff
ridge_sigmoid,0.9935899265366503,0.08093991380765435,0.9936929866286132,0.08248228800202673,1.030600919628144e-4,0.0015423741943723784
enet_raw,0.9935899265366503,0.08093991380765435,0.9937002536863648,0.08944809202704956,1.1032714971448421e-4,0.008508178219395215
lasso_sigmoid,0.9935899265366503,0.08093991380765435,0.9918303736589044,0.09096721438862525,-0.0017595528777459846,0.0100273005809709
lasso_isotonic,0.9935899265366503,0.08093991380765435,0.9904008112679036,0.09828087641820092,-0.003189115268746767,0.017340962610546573
lasso_raw,0.9935899265366503,0.08093991380765435,0.9923045822102284,0.10031399062332959,-0.001285344326421911,0.01937407681567524
enet_isotonic,0.9935899265366503,0.08093991380765435,0.9906458432429587,0.1028408894354578,-0.0029440832936916683,0.02190097562780345
ridge_isotonic,0.9935899265366503,0.08093991380765435,0.9908559272765711,0.1084869658812315,-0.002733999260079223,0.027547052073577147
ridge_raw,0.9935899265366503,0.08093991380765435,0.9943190106231241,0.11948739498399294,7.290840864737635e-4,0.03854748117633859
